timestamp	strategy	scenario	run	pool	elapsed_s	thresholds	reflect_wait_s	k6_issued	db_rows	server_error	commit
2026-09-14T23:25:29	W0	ramp	1	30	619.2	FAIL		182148	182148	0	fff48c3
2026-09-14T23:36:10	W1	ramp	1	30	618.1	FAIL		185521	185521	0	fff48c3
2026-09-14T23:46:49	W2	ramp	1	30	619.1	FAIL		39806	39819	741	fff48c3
2026-09-14T23:57:38	W3	ramp	1	30	619.1	FAIL		138450	138450	118	fff48c3
2026-09-15T00:17:43	W4	ramp	1	30	620.8	FAIL	546.7	3251044	3251044	0	fff48c3
2026-09-15T00:37:31	W0	ramp	2	30	617.4	FAIL		182178	182178	0	fff48c3
2026-09-15T00:48:17	W1	ramp	2	30	618.2	FAIL		154298	154298	3	fff48c3
2026-09-15T00:59:01	W2	ramp	2	30	620.6	FAIL		36235	36306	1707	fff48c3
2026-09-15T01:09:56	W3	ramp	2	30	618.6	FAIL		116581	116582	148	fff48c3
2026-09-15T01:20:43	W4	ramp	2	30	620.8	FAIL	441.9	2691167	2691167	0	fff48c3
2026-09-15T01:38:50	W0	ramp	3	30	617.7	FAIL		171096	171096	0	fff48c3
2026-09-15T01:49:33	W1	ramp	3	30	618.2	FAIL		159145	159145	4	fff48c3
2026-09-15T02:00:16	W2	ramp	3	30	618.8	FAIL		37915	37940	1184	fff48c3
2026-09-15T02:11:04	W3	ramp	3	30	617.8	FAIL		120477	120477	404	fff48c3
2026-09-15T02:21:46	W4	ramp	3	30	621	FAIL	449.8	2726705	2726705	0	fff48c3
2026-09-15T02:40:02	W0	spike	1	30	427.3	FAIL		103843	103843	0	fff48c3
2026-09-15T02:47:30	W1	spike	1	30	505.5	FAIL		102528	102528	23	fff48c3
2026-09-15T02:56:20	W2	spike	1	30	927.7	FAIL		57693	57693	1107	fff48c3
2026-09-15T03:12:24	W3	spike	1	30	790.4	FAIL		102140	102140	1262	fff48c3
2026-09-15T03:26:17	W4	spike	1	30	92.8	FAIL	14	118285	118285	0	fff48c3
2026-09-15T03:28:35	W0	spike	2	30	536.8	FAIL		102268	102268	0	fff48c3
2026-09-15T03:37:56	W1	spike	2	30	499	FAIL		103683	103683	5	fff48c3
2026-09-15T03:46:43	W2	spike	2	30	923.3	FAIL		60304	60304	457	fff48c3
2026-09-15T04:02:37	W3	spike	2	30	594.6	FAIL		103143	103143	149	fff48c3
2026-09-15T04:12:51	W4	spike	2	30	71.7	FAIL	12.2	124745	124745	0	fff48c3
2026-09-15T04:14:37	W0	spike	3	30	425.4	FAIL		103827	103827	0	fff48c3
2026-09-15T04:22:04	W1	spike	3	30	492.1	FAIL		103722	103722	9	fff48c3
2026-09-15T04:30:43	W2	spike	3	30	907.6	FAIL		60533	60533	415	fff48c3
2026-09-15T08:29:20	W3	spike	3	30	435.5	FAIL		104433	104433	0	fff48c3
2026-09-15T08:36:52	W4	spike	3	30	55.2	PASS	14.9	166135	166135	0	fff48c3
2026-09-15T08:38:19	W3	chaos	1	30	472.8	PASS		104476	104477	453	fff48c3
2026-09-15T08:46:37	W4	chaos	1	30	74.5	PASS	13.3	260194	201178	265	fff48c3
2026-09-15T08:48:20	W3	chaos	2	30	477.7	PASS		104291	104292	824	fff48c3
2026-09-15T08:56:42	W4	chaos	2	30	70	PASS	12.3	200832	162367	313	fff48c3
2026-09-15T08:58:23	W3	chaos	3	30	486	PASS		103918	103919	1805	fff48c3
2026-09-15T09:06:56	W4	chaos	3	30	71.1	PASS	12.3	192675	152551	251	fff48c3
2026-09-15T09:08:37	W0	soak	1	30	1838.1	FAIL		664579	664579	0	fff48c3
2026-09-15T09:39:32	W1	soak	1	30	1837.4	FAIL		509821	509821	0	fff48c3
2026-09-15T10:10:26	W2	soak	1	30	1838.1	FAIL		44696	44696	19561	fff48c3
2026-09-15T10:42:28	W3	soak	1	30	1837.7	FAIL		515996	515996	0	fff48c3
2026-09-15T11:13:30	W4	soak	1	30	1846.4	PASS	2345	13712033	13712033	0	fff48c3
2026-09-15T13:33:23	W1	soak	2	30	1838.5	FAIL		513299	513299	0	479a0d8
2026-09-15T14:04:23	W2	soak	2	30	1838.2	FAIL		54971	54971	13499	479a0d8-dirty
2026-09-15T14:36:08	W1	soak	3	30	1838.1	FAIL		447357	447357	8	479a0d8-dirty
2026-09-15T15:07:07	W2	soak	3	30	1838.8	FAIL		33606	33606	20802	479a0d8-dirty
