timestamp	strategy	scenario	run	pool	elapsed_s	thresholds	reflect_wait_s	k6_issued	db_rows	server_error	commit	instances	per_instance	app_5xx
2026-09-18T22:30:42	W0	spike	1	10	505.4	FAIL		153519	153519	0	e654c38	3	51172/51176/51171	0
2026-09-18T22:40:27	W1	spike	1	10	655.3	FAIL		102292	102292	39019	e654c38	3	37931/37756/37586	0
2026-09-18T22:55:17	W2	spike	1	10	812.1	FAIL		29694	29694	77931	e654c38	3	24203/24313/24695	0
2026-09-18T23:16:01	W3	spike	1	10	636.5	FAIL		86804	86804	64792	e654c38	3	50531/50534/50531	0
2026-09-18T23:27:46	W4	spike	1	10	111.7	FAIL	3.5	114314	114314	0	e654c38	3	54773/54772/54769	0
2026-09-18T23:30:40	W0	spike	2	10	432.5	FAIL		154134	154134	0	e654c38	3	51378/51381/51375	0
2026-09-18T23:38:50	W1	spike	2	10	591.4	FAIL		102727	102727	23109	e654c38	3	43167/43298/43153	0
2026-09-18T23:51:06	W2	spike	2	10	796.2	FAIL		29378	29378	75982	e654c38	3	25387/25335/25174	0
2026-09-19T00:12:19	W3	spike	2	10	639.8	FAIL		89351	89351	62145	e654c38	3	50500/50500/50496	0
2026-09-19T00:23:57	W4	spike	2	10	111.3	FAIL	1.9	115333	115333	0	e654c38	3	55112/55114/55107	0
2026-09-19T00:26:48	W0	spike	3	10	434	FAIL		154043	154043	0	e654c38	3	51348/51349/51346	0
2026-09-19T00:35:00	W1	spike	3	10	597.8	FAIL		102622	102622	23649	e654c38	3	43023/43003/42947	0
2026-09-19T00:47:27	W2	spike	3	10	812.5	FAIL		30354	30354	72669	e654c38	3	26370/26404/26403	0
2026-09-19T01:08:41	W3	spike	3	10	637.2	FAIL		90220	90220	61368	e654c38	3	50532/50529/50527	0
2026-09-19T01:20:18	W4	spike	3	10	112.7	FAIL	8.6	114762	114762	0	e654c38	3	54921/54922/54919	0
