t_offset_s	db_load_per_s	load_sum_delta	load_count_delta	wait_sum_delta	wait_count_delta
1	0	0	0	0	0
2	0	0	0	0	0
3	20	6.134193396	20	0	0
4	0	0	0	0	0
5	0	0	0	0	0
6	0	0	0	0	0
7	0	0	0	0	0
8	0	0	0	0	0
9	0	0	0	0	0
10	0	0	0	0	0
11	0	0	0	0	0
12	0	0	0	0	0
13	0	0	0	0	0
14	0	0	0	0	0
15	0	0	0	0	0
16	0	0	0	0	0
17	0	0	0	0	0
18	0	0	0	0	0
19	0	0	0	0	0
20	0	0	0	0	0
21	0	0	0	0	0
22	0	0	0	0	0
23	0	0	0	0	0
24	0	0	0	0	0
25	0	0	0	0	0
26	0	0	0	0	0
27	0	0	0	0	0
28	0	0	0	0	0
29	0	0	0	0	0
30	0	0	0	0	0
31	0	0	0	0	0
32	0	0	0	0	0
33	0	0	0	0	0
34	0	0	0	0	0
35	0	0	0	0	0
36	0	0	0	0	0
37	0	0	0	0	0
38	20	0.0783608070000001	20	0	0
39	0	0	0	0	0
40	0	0	0	0	0
41	0	0	0	0	0
42	0	0	0	0	0
43	0	0	0	0	0
44	0	0	0	0	0
45	0	0	0	0	0
46	0	0	0	0	0
47	0	0	0	0	0
48	0	0	0	0	0
49	0	0	0	0	0
50	0	0	0	0	0
51	0	0	0	0	0
52	0	0	0	0	0
53	0	0	0	0	0
54	0	0	0	0	0
55	0	0	0	0	0
56	0	0	0	0	0
57	0	0	0	0	0
58	0	0	0	0	0
59	0	0	0	0	0
60	0	0	0	0	0
61	0	0	0	0	0
62	0	0	0	0	0
63	0	0	0	0	0
64	0	0	0	0	0
65	0	0	0	0	0
66	0	0	0	0	0
67	0	0	0	0	0
68	0	0	0	0	0
69	0	0	0	0	0
70	0	0	0	0	0
71	0	0	0	0	0
72	0	0	0	0	0
73	0	0	0	0	0
74	0	0	0	0	0
75	0	0	0	0	0
76	0	0	0	0	0
77	0	0	0	0	0
78	0	0	0	0	0
79	0	0	0	0	0
80	0	0	0	0	0
81	0	0	0	0	0
82	0	0	0	0	0
83	0	0	0	0	0
84	0	0	0	0	0
85	0	0	0	0	0
86	0	0	0	0	0
87	0	0	0	0	0
88	0	0	0	0	0
89	14	0.520217078	14	0	0
90	6	0.0763458840000002	6	0	0
91	11	0.238813404	11	0	0
92	9	0.109710139	9	0	0
93	0	0	0	0	0
94	0	0	0	0	0
95	0	0	0	0	0
96	5	0.0540494450000004	5	0	0
97	0	0	0	0	0
98	5	0.0639712259999996	5	0	0
99	20	0.275940542	20	0	0
100	0	0	0	0	0
101	5	0.129363421000001	5	0	0
102	2	0.0304862119999996	2	0	0
103	0	0	0	0	0
104	8	0.254582109	8	0	0
105	22	0.697991509	22	0	0
106	3	0.024540803999999	3	0	0
107	18	0.278624235000001	18	0	0
108	0	0	0	0	0
109	0	0	0	0	0
110	0	0	0	0	0
111	0	0	0	0	0
112	0	0	0	0	0
113	0	0	0	0	0
114	0	0	0	0	0
115	0	0	0	0	0
116	0	0	0	0	0
117	0	0	0	0	0
118	0	0	0	0	0
119	0	0	0	0	0
120	0	0	0	0	0
121	0	0	0	0	0
122	0	0	0	0	0
123	0	0	0	0	0
124	0	0	0	0	0
125	0	0	0	0	0
126	0	0	0	0	0
127	0	0	0	0	0
128	0	0	0	0	0
129	0	0	0	0	0
130	0	0	0	0	0
131	0	0	0	0	0
132	0	0	0	0	0
133	0	0	0	0	0
134	0	0	0	0	0
135	0	0	0	0	0
136	0	0	0	0	0
137	0	0	0	0	0
138	0	0	0	0	0
139	0	0	0	0	0
140	0	0	0	0	0
141	0	0	0	0	0
142	0	0	0	0	0
143	0	0	0	0	0
144	0	0	0	0	0
145	0	0	0	0	0
146	16	0.248539001999999	16	0	0
147	0	0	0	0	0
148	0	0	0	0	0
149	0	0	0	0	0
150	0	0	0	0	0
151	0	0	0	0	0
152	0	0	0	0	0
153	0	0	0	0	0
154	17	0.258709493000001	17	0	0
155	5	0.0966801820000001	5	0	0
156	2	0.0153921939999986	2	0	0
157	9	0.210100538000001	9	0	0
158	7	0.0921039080000003	7	0	0
159	0	0	0	0	0
160	0	0	0	0	0
161	9	0.358891523999999	9	0	0
162	0	0	0	0	0
163	0	0	0	0	0
164	15	0.254561527	15	0	0
165	0	0	0	0	0
166	0	0	0	0	0
167	3	0.0339410130000015	3	0	0
168	0	0	0	0	0
169	2	0.0290148769999998	2	0	0
170	0	0	0	0	0
171	2	0.0403463419999994	2	0	0
172	5	0.0658979100000003	5	0	0
173	0	0	0	0	0
174	3	0.0281066209999992	3	0	0
175	7	0.170671799000001	7	0	0
176	0	0	0	0	0
177	0	0	0	0	0
178	0	0	0	0	0
179	0	0	0	0	0
180	0	0	0	0	0
181	0	0	0	0	0
182	0	0	0	0	0
183	0	0	0	0	0
184	0	0	0	0	0
185	0	0	0	0	0
186	0	0	0	0	0
187	0	0	0	0	0
188	0	0	0	0	0
189	0	0	0	0	0
190	0	0	0	0	0
191	0	0	0	0	0
192	0	0	0	0	0
193	0	0	0	0	0
194	0	0	0	0	0
195	0	0	0	0	0
196	6	0.100817663999999	6	0	0
197	0	0	0	0	0
198	0	0	0	0	0
199	0	0	0	0	0
200	0	0	0	0	0
201	0	0	0	0	0
202	0	0	0	0	0
203	0	0	0	0	0
204	0	0	0	0	0
205	0	0	0	0	0
206	0	0	0	0	0
207	0	0	0	0	0
208	12	0.103959549000001	12	0	0
209	0	0	0	0	0
210	14	0.291952387	14	0	0
211	0	0	0	0	0
212	0	0	0	0	0
213	5	0.0552160710000003	5	0	0
214	0	0	0	0	0
215	11	0.0889403509999998	11	0	0
216	6	0.0872513619999999	6	0	0
217	0	0	0	0	0
218	5	0.165075974999999	5	0	0
219	3	0.0164540010000014	3	0	0
220	0	0	0	0	0
221	0	0	0	0	0
222	4	0.0982268089999998	4	0	0
223	0	0	0	0	0
224	11	0.11395175	11	0	0
225	0	0	0	0	0
226	0	0	0	0	0
227	6	0.0402422959999988	6	0	0
228	0	0	0	0	0
229	2	0.0212877330000012	2	0	0
230	0	0	0	0	0
231	0	0	0	0	0
232	0	0	0	0	0
233	0	0	0	0	0
234	0	0	0	0	0
235	0	0	0	0	0
236	9	0.103857982999999	9	0	0
237	0	0	0	0	0
238	0	0	0	0	0
239	6	0.0905283089999998	6	0	0
240	0	0	0	0	0
241	0	0	0	0	0
242	0	0	0	0	0
243	4	0.0883178880000006	4	0	0
244	0	0	0	0	0
245	0	0	0	0	0
246	0	0	0	0	0
247	0	0	0	0	0
248	0	0	0	0	0
249	0	0	0	0	0
250	0	0	0	0	0
251	0	0	0	0	0
252	0	0	0	0	0
253	0	0	0	0	0
254	7	0.105579171	7	0	0
255	0	0	0	0	0
256	0	0	0	0	0
257	0	0	0	0	0
258	0	0	0	0	0
259	0	0	0	0	0
260	0	0	0	0	0
261	0	0	0	0	0
262	0	0	0	0	0
263	0	0	0	0	0
264	0	0	0	0	0
265	0	0	0	0	0
266	0	0	0	0	0
267	0	0	0	0	0
268	0	0	0	0	0
269	6	0.0645726609999997	6	0	0
270	6	0.0531053959999994	6	0	0
271	0	0	0	0	0
272	0	0	0	0	0
273	0	0	0	0	0
274	14	0.228909035000001	14	0	0
275	0	0	0	0	0
276	0	0	0	0	0
277	4	0.0233927209999987	4	0	0
278	0	0	0	0	0
279	7	0.047273263000001	7	0	0
280	2	0.00865191199999948	2	0	0
281	5	0.0700102119999997	5	0	0
282	0	0	0	0	0
283	0	0	0	0	0
284	0	0	0	0	0
285	4	0.0355362650000011	4	0	0
286	0	0	0	0	0
287	5	0.0425622739999998	5	0	0
288	3	0.0147974380000004	3	0	0
289	12	0.240195493	12	0	0
290	0	0	0	0	0
291	0	0	0	0	0
292	10	0.228743219	10	0	0
293	3	0.117235247	3	0	0
294	0	0	0	0	0
295	4	0.0411725279999988	4	0	0
296	0	0	0	0	0
297	0	0	0	0	0
298	0	0	0	0	0
299	0	0	0	0	0
300	3	0.0249493279999999	3	0	0
301	0	0	0	0	0
302	0	0	0	0	0
303	0	0	0	0	0
304	0	0	0	0	0
305	0	0	0	0	0
306	0	0	0	0	0
307	0	0	0	0	0
308	0	0	0	0	0
309	0	0	0	0	0
310	0	0	0	0	0
311	0	0	0	0	0
312	0	0	0	0	0
313	5	0.128875900000001	5	0	0
314	0	0	0	0	0
315	0	0	0	0	0
316	8	0.0628942610000003	8	0	0
317	0	0	0	0	0
318	0	0	0	0	0
319	0	0	0	0	0
320	6	0.0316323499999989	6	0	0
321	0	0	0	0	0
322	0	0	0	0	0
323	0	0	0	0	0
324	0	0	0	0	0
325	0	0	0	0	0
326	10	0.116994769000001	10	0	0
327	0	0	0	0	0
328	0	0	0	0	0
329	0	0	0	0	0
330	0	0	0	0	0
331	0	0	0	0	0
332	11	0.310017468	11	0	0
333	7	0.244275984	7	0	0
334	0	0	0	0	0
335	0	0	0	0	0
336	0	0	0	0	0
337	0	0	0	0	0
338	0	0	0	0	0
339	0	0	0	0	0
340	5	0.0658393489999991	5	0	0
341	13	0.209957402000001	13	0	0
342	0	0	0	0	0
343	0	0	0	0	0
344	0	0	0	0	0
345	0	0	0	0	0
