timestamp	cache	run	elapsed_s	thresholds	k6_reqs	k6_p99_ms	read_error	hit	miss	db_load	peak_db_load	hit_ratio	load_mean_ms	load_count	wait_mean_ms	wait_count	wait_timeout	commit
2026-09-20T20:16:45	C0	1	342.6	PASS	1337449	221.2	0	0	1337449	1337449	11862	0	2.98	1337449		0	0	82f1020
2026-09-20T20:22:53	C1	1	344.2	PASS	2610724	90.5	0	2610287	437	437	99	0.9998	25.72	437		0	0	82f1020
2026-09-20T20:29:01	C2	1	344.4	PASS	2623021	89.7	0	2622473	548	548	25	0.9998	25.42	548		0	0	82f1020
2026-09-20T20:35:09	C3	1	344.5	PASS	2646427	88.0	0	2645655	772	121	20	0.9997	13.32	121	43.44	651	0	82f1020
2026-09-20T20:41:17	C4	1	343.8	PASS	2574481	92.7	0	2574298	183	419	81	0.9999	39.62	419		0	0	82f1020
2026-09-20T20:47:28	C0	2	342.9	PASS	1420824	196.0	0	0	1420824	1420824	8551	0	2.68	1420824		0	0	82f1020
2026-09-20T20:53:33	C1	2	344.3	PASS	2615419	88.5	0	2615009	410	410	80	0.9998	20.61	410		0	0	82f1020
2026-09-20T20:59:43	C2	2	344.7	PASS	2669604	86.8	0	2669070	534	534	22	0.9998	27.82	534		0	0	82f1020
2026-09-20T21:05:48	C3	2	343.8	PASS	2613405	88.0	0	2612520	885	121	20	0.9997	18.19	121	76.42	764	0	82f1020
2026-09-20T21:11:55	C4	2	343.6	PASS	2536424	90.9	0	2536230	194	370	127	0.9999	41.3	370		0	0	82f1020
2026-09-20T21:18:02	C0	3	343.2	PASS	1358410	197.8	0	0	1358410	1358410	8131	0	2.89	1358410		0	0	82f1020
2026-09-20T21:24:08	C1	3	343.6	PASS	2689121	83.6	0	2688630	491	491	126	0.9998	39.03	491		0	0	82f1020
2026-09-20T21:30:16	C2	3	343.3	PASS	2616206	87.8	0	2615598	608	608	68	0.9998	27.14	608		0	0	82f1020
2026-09-20T21:36:22	C3	3	345.1	PASS	2424006	96.3	0	2423098	908	121	20	0.9996	15.59	121	59.51	787	0	82f1020
2026-09-20T21:42:31	C4	3	344.3	PASS	2487833	92.6	0	2487677	156	381	121	0.9999	38.5	381		0	0	82f1020
